skid_transformed-L,skid_raw-R,normalized_nblast,left_name
15825861,10944822,-0.1523156233874977,bridge-like left
16846805,18028397,-0.1152558389888481,MBE5b left
3046503,2355126,0.033770247325147,IPC 7 left
15897280,2669844,0.07371647785616,Horseshoe deviant left
7802210,16797672,0.0744208039692765,MBE5a left
3945136,13948718,0.0807795417572582,DAMv12 Mandible 2 left
17102002,1065967,0.0853329814358708,DPMl_ant_ven descending left
9372642,9842000,0.1050447758147908,PTTH 1 left
18485293,17647621,0.1084547294437171,CM4 descending left
10553248,8496618,0.112204550301649,DNs-17_left
11013583,17589475,0.1218517804223752,UNK descending contralateral left
3946166,3620633,0.1238941610539593,Pre-goro3 left
17358864,13842372,0.1321282612265732,BAmd2 contralateral descending 2 left
4400767,13751194,0.1465722405987036,DH44 2 left
7982896,8177199,0.155869830315193,SP2-1;left
16562142,15894278,0.1588295032380111,UNK contralateral 3 left
10418394,2260755,0.1603127385291751,DH44 1 left
17746794,18720819,0.1632246342567317,UNK horseshoe 2 left
4901087,18133444,0.1683618206095362,DAMv12 Mandible 1 left
19091995,18302931,0.1752657977181318,UNK horseshoe 3 left
17804729,11050498,0.1786274871136216,BLVp1 bilateral 6 left
16561224,6702943,0.1853235724310438,BAmd2 contralateral descending 1 left
17359501,13763548,0.1909236341433536,BAmd descending left
13422280,7589765,0.1959506623818633,CP descending contralateral 1 left
8203947,17952967,0.197414192305229,PDM1 left
8755914,8741619,0.1975886858561334,peptidergic with docked vesicles_left
4523584,2659386,0.2033773298052994,DMS 1 left
15005403,15894178,0.2038301093858151,UNK descending contralateral 2 left
17359101,865151,0.2061694426583151,BAmas12 midline neuron 2 left
10563755,13535387,0.2126476707754378,DH44 3 left
11409587,17019327,0.2149179507274614,CF ; pDM_left
17360022,9565674,0.2192592281230373,DPlal Curvy left
3928522,16434842,0.2196663792737064,PTTH 2 left
17473163,16571210,0.2210912694567662,DPMl contralateral descending left
4110483,17587726,0.221594576026725,BAmv12 descending 2 left
16561284,17173922,0.2222308561174597,DALv3 ring1_left (LAL neuron)
3945225,3793681,0.2238543743100413,DAMv12_med Munin Output left
20139548,17380345,0.2265924463491626,CM4 Bridle left
9239759,9034378,0.230380890958892,ni contralateral 4 left
16327998,17173852,0.2323817411841193,DALv3 ring2_left (LAL neuron)
15566333,15568333,0.237376112230503,V ; DPMpm2 4_left
5680013,17658978,0.2401962107052241,CPf descending 1 left
17087885,17324711,0.2440069564132262,DNs-1_left
17295912,16353832,0.2445351318383832,MBE10b left
18695745,17587734,0.2456376977509251,BAmv12 contralateral 2 left
17354414,3021609,0.2470798696535381,DPM contralateral horseshoe left
10248031,17380319,0.250186974724347,CM13 bilateral 4 left
16561660,13652117,0.2529136221593461,DPMl_ant_ven descending-like left
3926669,3727026,0.2567208143572209,CRZ 1 left
17777031,15672263,0.2585901793290012,DPM descending left
18076102,17654514,0.2610402726142867,UNK descending 1 left
3820148,2920554,0.2623638003021364,cpld-- downtoDN1 left
18058793,14588375,0.2624817810357817,UNK contralateral descending left
16851496,16339338,0.2639128655991767,DALd LAL output neuron 1 left
10716080,3595837,0.2642517708487356,DPMm1 Brain descending into VNC left
20316708,19167389,0.264864722755341,UNK horseshoe ventral left
17165755,13727202,0.26515242530398,UNK contralateral descending 2 left
5762666,17777259,0.2659383575035621,n_down pOLP&PVL09-2 left
8689674,8319311,0.2707594625256109,MBE10a left
20151537,12474815,0.2728437293227813,CPf contralateral 2 left
13370624,14756440,0.2741639067296681,DALv1 bilateral 1 left
17732256,17656886,0.2756437171347732,UNK descending to T1 left
8922644,8297018,0.2770279922293486,MBE16 left
16595001,21591033,0.2839784548963713,BLP12 local descending twig 2 left
5053417,16188942,0.2864414834367726,MBE29b? 2 left
10792336,5163599,0.2865042463450152,DPMpm1 FB3?_left
17423125,5559657,0.2892908815726491,BAmas12 midline neuron 4 left
17809869,17654519,0.2930384220482488,BAlp descending 2 left
19298644,17537254,0.2940196283913678,CM4 cen ant 1 left
17776982,6554358,0.2968988492225631,DPMpl12 double descending left
7026287,7980369,0.2975413658973131,BN ; DALcm12 L m ant lat 3_left
18305476,13007383,0.3031563793112696,BAmv12 contralateral 1 left
7476468,3727004,0.3046677010992057,CRZ 3 left
11871574,11102156,0.3068010906379222,BM : BALp neuron_left
4381129,15404207,0.3070270377692282,MBE19 left
10728318,3598000,0.3075247988399884,DPMm1 Brain descending into VNC 2 left
2628785,4311586,0.3093519653783135,AE:BAmd2 r bilateral_left
7005184,7569260,0.3094736082482965,CP1 d 1 left
10323628,8370111,0.3109630816303959,Pre-ipsigoro-2_left
8687096,9643439,0.3118976140063385,DPlal outer bilateral 2 left
5690425,19010160,0.3143728108260088,CPf descending ipsilateral left
15539984,8271875,0.3179471379091599,PT ; DALcm12 m ant med 14_left
10411574,17379420,0.3191324032653179,OL: CM4 ven ant 2 DNs_left
15629759,2659504,0.3250638614796162,CM4-dm horseshoe 1 left
9527333,13210358,0.3255247993296721,Headphone_left
9714476,16709072,0.3268247425891153,BAmd1 contralateral 1 left
10982951,8697453,0.3276449490667177,Basal Tel-like 3 left
2142817,15225589,0.3302122371751788,pre-dorsal-MAP presynaptic-D-2-R left
16424131,13167025,0.3320544843917481,BAmas12_ven descending 1 left
11389855,16484888,0.3327842352232343,SKY_left
16340977,18232369,0.3330752660996635,Dorsal contralateral 1 left
13736919,17877682,0.3337041195396673,BAmd2 descending 1 left
13849557,6143930,0.335739147244431,CSD left
15541971,5734134,0.3368177264433161,BAmd1 bilateral left
19884188,10945581,0.3369099185997664,BLVp12 sickle 2 left
3979181,5794678,0.3376413718123444,ipsigoro left
17360296,14757992,0.3378438604962561,DALv1_PB4_left
4381377,10673895,0.3378919761513627,MBE4f left
3944330,15732050,0.3393698351062764,Output of PC Hugin left
6978585,5890323,0.3399084809092302,CA-LP-2_left1
17022668,12474164,0.3408927689542531,DPMm2 descending left
10017944,16913476,0.3409363192606517,WI; CM4 dor ant 10 to LAL_left
16342197,12031406,0.3431116058442868,DPLc4_5_left (PB to LAL)
13197236,8075484,0.344019095497855,M ; F6 pair_left
3928652,12704360,0.3459618825398117,CA-LP-1_left
7439913,15934458,0.3468374397655304,BAlp descending 3 left
17557290,10946002,0.3477521053222243,BLVp12 sickle 3 left
15524629,8912726,0.3491650585591386,BK1;DALcl12 v d 20_left
7901791,2506050,0.3519688412222736,MBE4a left
9577562,17132009,0.3543838112372084,BLVp12 sickle 1 left
17358891,19190681,0.3551490038390343,ASB Gust descending left
14651659,13760954,0.3568581541905382,BAmd2_v descending left
17728571,10221622,0.3568835888141668,BAl descending left
9064208,5934511,0.3591225802640058,BL ; CM13 med 4_left
15468308,17330632,0.3599871379371979,To Complete with soma left
17777981,16685117,0.3604884809597566,SLR_left
16928740,15560623,0.3620671649387142,DALcm12-v descending left
4188290,5010581,0.3644188758168427,EH left
11216417,8451818,0.3653800880667001,ADC1_left
8347613,8349553,0.3670257330055623,Ivy left
14579509,13835439,0.3673975027328273,fishing_rod_left
16434560,17328580,0.3682928692668037,BAla34 bilateral 2 left
9238937,9103732,0.3688123624381265,DA_left
9527522,14083681,0.3689134628376099,X ; F1 pair; DALcm12 L m ant lat 9_left
16475849,16823703,0.3698099078518089,AT ; DPMpm2 1_left
16058860,11813287,0.3702144062922448,KC100
16683943,7530253,0.3714895248706686,ITP candidate 4 left
12262910,5738449,0.3723795142366811,W_left
12935706,16852421,0.3732041987971413,BAlp_ant bilateral 2 left
9384504,5935744,0.3733069175824345,CM4 l MEF comm; CM4 dor ant 9 to LAL left
18656202,18655517,0.374864053078499,BLVp1 bilateral 3 left; down seahorse left
15632282,16884085,0.3759674631015775,DPLl bilateral 1 left
14621584,17355864,0.3767996538868183,BAla34 bilateral 3 left
11004239,8069478,0.3775856675159256,offPVL09_left (bilateral DS LH)
14492757,14656798,0.37983760310846,BAlp1_left
12871993,4884579,0.3799401659155276,MBE1b left
17729110,16399845,0.3800029827260235,BLAvm bilateral neuron 5 left
18538744,11362334,0.3800116492899532,DPMpl3 a 2 left
11656349,16297403,0.3807411740774096,MBE29a? 1 left
17353986,18604097,0.3810602074021992,DPMl_ant_ven descending 3 left
16026677,14495367,0.3820911999556326,BP_left
10583715,11306294,0.3833622245743023,DPMm1 FB1_left
15365184,5512988,0.3841738232731073,CPd descending ipsilateral left
15594113,15590555,0.3850806465884567,CE ; NI_left
16486385,11178891,0.3854163973533868,LH bilateral axon 4_left; BLVa12 b 4
8262302,5051342,0.3856763394029329,KC21
11853038,12842593,0.3857028240599531,BAmas SOG MBE2_l left
16868923,17013073,0.3883674427461665,MBE24b left
7005145,7590264,0.3895991677878918,CP descending contralateral 2 left
11013351,11909406,0.3899192075395653,U3 ; bilateral-2_left
10964258,17357979,0.3899278228798472,BQ_left
5169587,4228119,0.3919217411347879,P ; DALcm12  m ant lat #4_left
15718981,1591270,0.3922613651300144,Nag left
18035063,17937986,0.3944016400205201,BLVp1 bilateral 4 left
6298455,6193472,0.3946155651166377,AA: DALcl12 d_left
5763407,10945111,0.3951470912929398,BLVp12 descending-like left
15689046,8979434,0.396205774878282,DPlal simple bilateral 7 left
9594273,16934932,0.3962816484164368,UNK contralateral 1 left
16356967,10319019,0.3970709708732847,Tel-like 10 left
4523803,13793212,0.3975146482486812,DMS 2 left
20730780,9202326,0.3975531259752832,Basal Tel-like 6 left
12736001,15155348,0.4021364480159045,BAlp_ant Y neuron left
14540633,4473922,0.4023330554587402,B ; DALcm12 m ant lat 5_left
10317031,2504517,0.4027943347311407,CM13 horseshoe 2 left
8798010,4230749,0.4035859039236629,MBE13b left
9109799,9074101,0.4039505358951888,MBE35 left
3945756,8566140,0.4042417560765005,DPMm1 3 (Output of Munin)_left
1980134,7982307,0.4045466187460975,CPf descending ipsilateral-like left
5689639,5855343,0.4049407575130352,CM13 tall ipsilateral left
11329998,13365464,0.4062805435716529,DPMm1 FB4_left
10865025,4116174,0.4063186118429229,lAL-1 (octopaminergic) left
8529400,7449767,0.4068578779214319,UNK bilateral gnarled dendrite left
17434825,16485079,0.4077988272108035,LH bilateral axon 2 MB_left; BLVa12 b 3
17360286,17360225,0.4089037184569417,DALv1 contralateral 1 left
16345627,16671014,0.4090706615704537,UNK contralateral 2 left
5746180,20443501,0.4095921429017056,BLP34 bilateral 1 left
13743125,17854345,0.4107076343564916,ASB B1 left
14818307,3932136,0.4113712588271143,AF7: C Shaped left
4379508,3794023,0.412283668413767,Output of Hugin left
8142831,17655000,0.4131116239386789,BLP12 bilateral horseshoe 2 left
12299647,11624548,0.4144644440896577,SLV_left
12299621,8034919,0.4155665829636448,AV ; DPLc ant lat 1_left
17729020,15684934,0.4160418175768615,Ipsiphone lineage bilateral left
10017804,2660767,0.4166755690403831,CM4-dm Tiny 1 left
8338584,4195012,0.41690929289009,MBE13a left
17237305,14948339,0.4170039610359005,IT_left
18062678,7065182,0.4170617478916136,F ; Convergence Sibling-2_left; DALcm12 m ant lat 11_left
20981306,2842451,0.4178875445624924,MIXED pointer-like left
8238322,11210000,0.4188470552889284,LH bilateral axon 1_left; BLVa12 b 2
9051960,17813006,0.4209502474163709,AD ; DALcm12 m ant lat 7_left
21220994,8229118,0.4211230191822526,Basal Tel-like 1 left
21136945,17654638,0.4240952491888647,MIXED bilateral left
17464168,8641784,0.4244144910965128,BLP12 local descending twig 1 left
17053270,5319633,0.4256116508234241,LAL to VNC up to A6_left
17951049,10263287,0.4273448512431251,SEZ-IN-07-left
17276867,6611100,0.4277814924560228,H ; DALcm r v ant med_left
15587533,11029851,0.4291010166668861,BLVp1 bilateral 2 left
6445994,3436420,0.4292699336016305,Pre PMN left
14000746,16699958,0.429925915095214,U ; Convergence Sibling; DALcm12 m ant lat 12_left
15421363,3299214,0.4300418805226172,MBE2a left
10238739,5893912,0.4305930160127079,CM13 hook 1 left; CMa 7 to loVP; CM13 lat 7_left
9237734,15800115,0.4325678627208908,BS: ni left
3928574,5869204,0.433549447741282,CA-LP-2_left2
17732311,5995125,0.4336965385169771,DPMl a 3 DPPT left
3157405,8752697,0.434127639379755,AN: DPMlp Lar_left
3061422,3272218,0.4344207819429483,DM-NPF_conn4_left
21300466,18644088,0.4346961391897741,UNK horseshoe left
16474159,9291437,0.4359839356365988,DPMpm2 2 left
14659793,6651098,0.4361184740749149,DALcl12 v d 6 left
4663875,11271082,0.4384992782063285,BLAv12 bilateral 2 left
9870483,14328512,0.4386632821859741,BX 1; column of protocerebral bridge_left
3926438,3762787,0.4391489165934734,CRZ 2 left
17729195,5545085,0.4415592796772675,BLDc crinkled left
17110189,6182848,0.4429258748993085,DALcl12 vv 1 left
9423829,9057043,0.4429764302531522,BY_left
20379247,17658602,0.443298548281137,BLP12 bilateral horseshoe 3 left
10612094,12122924,0.4438276908161168,CZ2_left
13718916,15673454,0.4442046933320975,DALcl12 v d 2 left
14071449,13953546,0.4447967870388349,Crab Arm DAMd23_left
9822593,15023987,0.4448949078259931,BLAvm bilateral neuron 2 left
15525711,9068346,0.4449219713385384,DALcl12 vv 12 left
16468935,10781924,0.4450764988894355,gate1_left
2439067,3814853,0.4453334132901397,T3: PVLr_left
14726069,5805651,0.4458069585416843,BAlp_ant bilateral left
17360262,14758420,0.446701696989292,DALv1_PB2_left
17732334,16347786,0.4468545351903826,DPMl descending ipsi left
17075832,14039007,0.447814711417174,BAlp descending 1 left
3944626,16195633,0.4482497903595531,DPMpm1 bushy descending left
16594752,9530532,0.4505588875636788,Basal Tel-like 8 left
17728922,9234420,0.451790881034238,BLAv12 ring-like left
14726012,9091922,0.452742618221295,UNK brancher 4 left - missing dendrite
15588620,7594047,0.4527632276501475,BF ; F3 pair; CP4 2_left
16630941,5835799,0.4538047648171289,KC22
3486867,5478818,0.4546697090147096,130729_SFO Cand 42a-42b_OSN_IN1 left
16978882,14127447,0.4553066419807305,Major upstream of 4g_left
17224013,14759661,0.4570850551362291,DALl1 6 left
1961182,9177218,0.4573065221673591,CPf contralateral 3 left
9235545,17435815,0.4578291020735994,ni contralateral 1 left
12273754,17654624,0.4590006536778497,MIXED bilateral 2 left
10449035,17658948,0.4591893896144141,CP crossover left
7057894,6611894,0.4594113391842201,MBE1c left
17360266,14755393,0.4600388630656942,DALv1 contralateral 4 left
3925724,5955853,0.4600540979817592,ITP candidate 1 left
15676016,3058132,0.4602123263306487,DPlal simple bilateral 2 left
3886356,5966099,0.4602475867767575,MBE4h left
17165621,9422291,0.4606152008779018,Basal Tel-like 7 left
7053966,4214582,0.4607480644704701,Y ; DALcm12 L m ant lat 2_left
16554856,18570360,0.4611071253229761,DAMd1 bilateral left
16675987,13646473,0.4616362798070735,DPMl_ant_ven descending 2 left
10872426,8572353,0.4629293039418432,VB: DPMm1 4_left
18500915,16846902,0.4631215971620053,BLVa12 contralateral 1 left
20172310,9521722,0.4634694813609875,UNK brancher 3 left
1924051,17698681,0.4643374206543389,BAmas12 midline neuron 1 left
11291653,8412625,0.4644740760098788,Basal Tel-like 2 left
17354403,12030078,0.4645036205891177,MIXED descending T left
12475432,3890028,0.4648168945576411,MBE24a left
10922928,3149791,0.4655828931765464,telephone-related left
12299704,10768709,0.4670377630524034,Bilateral near MB_left
10842099,10882750,0.4676765724146537,SLQ2_left
14241490,16924423,0.4694878678053085,Commissure neuron left
9061235,13836327,0.4701476181277809,BO ; BAmd2 ven desc 7_left
16167914,13834125,0.4704825334556559,LX1_left
19175973,4227831,0.4710922657716784,AC ; DALcm12 m ant med 1_left
10447988,16540741,0.4711997256569235,CPf contralateral 1 left
16937799,17654991,0.4713674934670274,BLP12 bilateral horseshoe 1 left
16435325,8995807,0.4728018175953224,BAla34 ascending 4 left
15668309,17165711,0.4728098527886835,J ; Mid DPMpl lat  (F4 pair)_left
18440675,12335381,0.473508865189916,BAmas12 midline 3 left
16485518,9621307,0.4760875858814022,BLDc descending 2 left
19880740,16223688,0.4769129700902555,CPa 1 left
2439150,11851588,0.4773809826384039,inner bridge 2 left
17321919,4215611,0.4777937631919146,DPMl Sloppy left
4117305,16720240,0.4788739548990472,KC72
8154054,858479,0.4789527008368582,BAmas12_dor center output 1 left
16863538,20443362,0.4793299026167728,BLP34 descending 2 left
17359133,869360,0.4811806372565795,SEZ cup left
15639216,15639331,0.4812873276305807,MB2IN-161 left alternative
8993049,17867309,0.4822503023831251,CZ_left
10875625,4067286,0.4823806249356521,SLP2_left
12281339,9585013,0.4835841936823182,Another bilateral axon_35a left
16630479,17012001,0.48487506134041,BLAvm bilateral neuron 1 left
14313750,11889676,0.4855622002386146,E ; BAMD PN_left
11217208,5993001,0.4867346002924438,DPMl a 1 DPPT descending left
16366055,17654645,0.4869804618139419,BLAvm bilateral neuron 6 left
17360282,14754777,0.4884346276226689,DALv1_PB1_left
20812872,10739296,0.488613670857415,BLAv12_lat pointer-like 2 left
2966602,12704069,0.4887064989645696,K ; DPLam med _left
12121795,11788830,0.4896752307479861,BAlc_post I left
10568310,2667980,0.4902797034112777,DPMm1 horseshoe 2 left
17038587,8065771,0.4904594006848704,MJ: LNM_downstream4_left
15686444,15638932,0.490905130679716,DPlal bilateral 1 left
14319498,17942676,0.4914436254257926,LH_sibling 67 left
9787592,13191017,0.4929503268690278,BAmas12_ven descending 3 left
17430685,20106468,0.4938920434110009,BLVp1 bilateral 5 left
16848587,14753815,0.4942991014552316,SLQ1_left
19051631,8193545,0.4943620489193441,BLP34 interneuron X left
6604203,2670619,0.4944356660033123,putative 11H10 left
12740290,2432564,0.4944634318693209,SEZ-IN-A01-left
17360038,17378483,0.4956287501758166,DPlal outer bilateral 1 left
11084320,8461082,0.4958757005091649,Basal Tel-like 10 left
3543931,13795090,0.4965016355720675,BAmas SOG MBE1_l (acbiliblo (left))
15612283,15736398,0.4988821944614067,BK: DALcl12 v d 19_left
8864778,9767705,0.4992100965339148,CPf small bilateral left
17736755,15964206,0.4997114108724678,UNK descending 2 left
10282065,5946241,0.5017774432254062,BLAv12 lat bilateral neuron 1 left
12279941,17328632,0.5027127154835747,BLAl_I-X 3 left
9062992,8792477,0.5030799749863974,BL1 ; CM13 lat 1_left
12782494,15585114,0.5031121256652528,SLU_left
18149325,14757050,0.5035612554023106,DALv1 5 left
9480916,9077224,0.5047083264788677,ni contralateral 3 left
11018254,15480928,0.5056841753313892,G ; 4th order Thermo (Stops Halfway); DALcm12 L m ant lat 10_left
17356467,20242957,0.5065531829891772,BAla34 lateral descending 1a left
3043970,16181130,0.5069846192372213,SLO_left
15792643,15610774,0.5079354163763998,LX_left
13380660,14517691,0.508491986147511,ginkgo 1 left
16992171,17356024,0.5102274252327482,BAla12_34 neuron left
17732031,11081239,0.5106063360910195,AF: DPLal BPL-to-medial_left
10758204,2650887,0.5112004955495908,CA ; DPMpm1 1_left
10581624,13564607,0.511238650473196,DPMm1_1_left - ipsi cross-layer CC
16959698,17658907,0.5113720881856537,CPa 2-like left
17728695,10367190,0.5119514242873887,BAlp_ant ascending left
18123575,17543765,0.5120086672960313,BAla34 lateral descending 1b left
4414163,4414184,0.5120888512223193,MBE1d left
8810141,12422355,0.5123242270183532,CM13 horseshoe 1 left
16713227,17659014,0.5123741017771857,PVM21-like 2 left
10880408,10875178,0.5152275445553465,PZ_left
7700444,16910799,0.516648087878874,BT ; CM13 med 5_left
16433696,19132527,0.5172979368523005,BLAl_I-X 2 left
5118060,15605987,0.5174549489141779,UT: BLAv12-1_left
5327961,11184236,0.5178960686023326,KS LN 3b left
9503428,10343101,0.5182747178718696,CM4 dor pos 10 left
17360030,15636411,0.518699443656904,DPlal simple bilateral 4 left
11600886,7980189,0.5197075894984436,T ; Convergence; DALcm12 m ant lat 3_left
21133456,18341449,0.5199125383661325,BLVa12 local brush left
17728781,13644685,0.5204177133661921,BAlp4 ascending 5 left
14260575,16987409,0.5204690523658528,DPMpl lat 4 loSMpl_left
15974183,15662776,0.5206374935161706,DALcl12 v d 1 left
15514582,8826198,0.5227826123602899,CPf Lever Puller left
16348875,15601640,0.5233491681243645,SLT_left
14981128,9039416,0.5234968918848883,ni loopy left
10100020,1868538,0.523528411196801,CP4 8 left
13832416,5591201,0.5235352850603356,BAmas12_dor Hook left
9251793,4190567,0.5236594719870473,SJ: DALv23 L LAL dor pos 2_left
2204467,2512602,0.5243014352556101,LN2;left
10202724,5480553,0.5245288440556384,LP: BAmas d 3_left
11703922,16181377,0.5245735775764434,Bridge III_left
20343986,2881070,0.5259828912672896,BLDc A00c pointer left
16588928,17355892,0.5268578248615041,BAla34 descending left
4409374,4234559,0.5283519608127523,CM13 lat 3_left
14073503,5669107,0.5288793965172296,L ; DALcm12 m lat 4_left
7283193,18163015,0.5305897943642657,UNK brancher 6 left
20981321,2878185,0.5309635074173733,BLAv12_lat pointer-like left
6704232,8559607,0.5314008281650732,KC54
10382686,16100103,0.5315300285576658,MS: CM4 bc 2 ant lat left
15995958,18080008,0.5324273807653912,BAlp4 ascending 1 left
5750884,20443420,0.5327877745427577,Tel-like 5 left
12726582,4415241,0.5329151756003843,KC16
12551020,14756061,0.5336041584077669,DALv1_PB3_left
11003660,16594509,0.5340229151027485,BJ_left
16444754,9072560,0.5361930410664397,ni contralateral 2 left
10728323,2655798,0.5368266960534234,DPMm1 ipsilateral descending left
6451332,3538129,0.5410523965248546,mPN D left
11037238,7719118,0.5416787572913351,down_PVL09_PN-OLP_left
9236708,9212816,0.5418996344554499,IO; down_oct_left
15605301,15607335,0.5430698354148003,DALl1 bilateral 1 left
9508724,17541953,0.5453537909051044,Ipsiphone lineage bilateral 2 left
12424940,5971400,0.5465028539727121,DS of Headphones left; CP23 d 6
18648531,13665529,0.5466179204650949,Bonsai left
13199414,11234536,0.5509010615214469,Headphone-2_left
8801736,6049565,0.5512879550758446,Stirrups left
12509506,16841026,0.5516541003707605,BLA ipsilateral left
16409132,17896997,0.551860029279234,BLDc LH left
17300165,9848760,0.5520128927717984,AR ; Putative MBE; CP4 1_left
12868041,16339645,0.5524172490966128,JI_left
9739780,3182103,0.5527191836935508,BLDc pointer left
14342744,15618614,0.5528384999308482,Tidal wave left
10355356,5898284,0.5535034684580142,CMb 3 varic around loVP; CM13 med 7 left
12839441,17125520,0.5541274277476771,LH bilateral axon 5_left
7055857,4241237,0.5545652338544914,MBE6 left
16838915,8544824,0.5565944999857296,BLP claw 3 left
18058644,8939384,0.5572100494019021,BLP34 bilateral 3 left
16629788,7786053,0.5592804566205201,KC34
10596949,13411445,0.5608592684620781,DPMm1_2 left ipsi cross-layer CC
13028455,4142619,0.5613029894693062,DALv23 LAL 3 left
16883909,4234009,0.5615464851941117,MBE33 left
7335439,5500958,0.5630315218114768,Coaster (NPF) 2 left
16977881,9796812,0.5630955695830664,KC90
7107433,8253413,0.5643722980133674,45b PN left
12587013,9015568,0.5644550510457812,scythe left
15592096,16240569,0.565667691612413,MBE4g left
17360042,15656223,0.567083957706756,DPlal simple bilateral 6 left
14162492,2854715,0.5677014407650461,DPLam neuron left
16472086,16433177,0.5678535860905979,Basal Tel-like 4 left
9927082,7874184,0.5693161129420976,LN1;left
1678567,6153877,0.569509658710969,BU ; DALd 4_left
10523825,17455871,0.5695098154989051,BLVp bonsai left
16422744,15589591,0.5704786305536864,BAlp4 ascending 3 left
17016974,4022539,0.5706280229174114,MBE20 left
4680995,17806341,0.5709788831188695,LH bilateral axon 3_left
16630264,5836163,0.5719015325765724,KC25
8216541,4541081,0.5719541264402532,BAmas12_dor center output 2 left
5769582,9753418,0.5728495421046276,LH-LN2_left
4422289,11605861,0.5739901554272644,SKT_left
16316916,5592307,0.5740362724749002,BAmas12 dor 12 d left
10473853,16355225,0.5741645734795143,DPMpl12 Hook 1 left
16848497,9798791,0.5741739122869692,Basal Tel-like 9 left
17736641,20911955,0.5767671976671042,UNK3 descending left
17165429,9513911,0.577737510822874,MIXED small fork left
7952981,8717219,0.5789074084796465,5thLN;left
16799939,15676571,0.5800578380379717,DPLp 1 left
11051740,7421507,0.5826223441268138,DALl1 2 left
15055590,14492880,0.5834196146105244,DPMl stick left
5747036,20443544,0.5836859775665366,BLP34 descending 1 left
8814524,17340973,0.5839011632813562,DPM long neck left
16428373,5369028,0.5843944357133783,DPLc post med 1 left
14034311,5976168,0.5847798582261878,DPMl b 1 loSM left
11022546,17663944,0.5869029425990269,DPMpl12 Hook 2 left
16445338,16350988,0.5869642910363018,IK; Loopy_left
12882387,7563413,0.5881810642354783,Maxillary Nerve LN 1 left
7092417,8246750,0.5886316558209634,47a & 33b PN left
17147698,8094859,0.5890192798931555,MBE11a left
12923749,10663559,0.5908060188432267,BLAv12_lat pointer 1 left
17729888,17658927,0.5908276353024368,CPa 3 left
11821320,6220384,0.5912667782566416,KS LN 3a left
14333495,13858797,0.5922771470740804,Oval 42a_left
16415910,9116228,0.593432444811506,WQ_left
8347720,18302610,0.5943196523733834,BLVa hook 3 left
16464284,8184598,0.5943934366930637,BI ; NI_left
15343835,4114133,0.5952926454718077,CP23 d 13_left
8118929,2775943,0.5955858466172858,LN3;left
12617396,3844799,0.5961133271648171,L left (PN to LH)
14756000,13634759,0.5968315403118563,BAla34 hairy ascending left
12840470,10495502,0.5970032422028746,U1: WB_DPMpl1_left
8639662,13046354,0.597881765967809,DPLm ant 1 left
4408397,4199033,0.5981698607398745,NK_left
8877795,3805641,0.5989002234712615,ventral LN left
17975547,15018449,0.6005752193606575,UNK crinkled left
17150791,8712361,0.6020038772771398,AB_left
10710503,18142558,0.6036408169765154,CM4 do pos 3 left
14450919,18220289,0.6038232672720123,DPLp_left
17383431,9532295,0.6063001384663147,BAlp_ant ascending dendrite left
8864785,4617479,0.6065777314606058,N_left
16676038,13645610,0.6069252981420274,DPMl Skis left
5755261,2846555,0.6071034872037336,BLP34 lateral left
19785305,9094797,0.6073908830602045,UNK brancher 5 left
16435686,18861011,0.6083222789303132,BAla34 ascending 1 left
17736654,20911961,0.609770498046097,UNK descending 3 left
5322337,6219781,0.6100407018289555,Maxillary Nerve LN 2 left
2964760,10855798,0.610962279697852,DPLd C neuron left
13854190,5476653,0.6113376205548666,BAmas d 1 neuron left
5963873,4101621,0.6113920807430482,AF2: PDLl2_left_sibling 35
17732346,17378648,0.6119853225319214,DPMl12_post descending left
16545179,14501257,0.6122339165158133,Lure-3 left
17315288,5326407,0.6132402097524556,CP23 v 11_left
17355757,15617305,0.6138844840553457,MBE7b left
17448356,13675374,0.6150739002037272,BAla34 ven 1 d left
17728730,17629213,0.6159259382707754,lasso-top 2 left
19045334,9585036,0.6166162592260109,LH_sibling 67 like left
12279909,8471817,0.6169050648548325,BLAl F neuron 2 left
19835787,17380309,0.6170897995062854,UNK posterior hook left
6623049,17654634,0.6173384057082844,MIXED forked left
17732791,15334461,0.6173776223813259,BAmas12_ven descending 2 left
10922020,17123466,0.618978435070412,f_down pOLP left
8877158,10163418,0.6190969078472374,MBE7a left
10234576,19090042,0.6199212591519864,CM13 hook 4 left
4721538,8069365,0.6200560984072203,QI; visual interneuron_left
16492104,10617840,0.6202911113309273,lowercase-h left
16494105,4108720,0.6213649598286891,AF9: brush left
5289042,9291938,0.6226255020105922,BLVa12 local 2 left
17729418,5523203,0.6227622962470927,BLVa34 young left
15669682,17658672,0.6230323676925135,BLVp1 hook 3 left
16950321,4127911,0.6233070186494218,BLP34 hook 1 left
11123016,4152020,0.6237309142622424,from upper looping PN - peptidergic left
10382824,17297936,0.6246767473434698,DPMpl12 fork left
9428865,13674287,0.6249293148041014,AP ;  BAla34 dor 2_left
13206239,8847957,0.6251804665546636,Bridge II_left
14434314,13369670,0.6252747832188946,S1: neuron left
11841664,5856647,0.6260549146292835,BL 3 ; CM13 lat 2_left
15722990,9604434,0.626665914058705,UNK brancher 2 left
14782250,3235409,0.626846682017212,Rose 1 left
10543751,11464638,0.6274022116961812,DPMpl lat 7_left
13830600,16057212,0.6274949292947531,BAmas12_dor descending 1 left
4391317,11826171,0.6283124407275267,3rd Thermo AP - Bridge IV_left
9965610,8132513,0.6286641974149729,BX ; CM4 dor pos 1_left
16014701,16574328,0.6294913577635973,BLP12 hook 6 left
4408369,16758011,0.6312993690915756,Baso_left
16950121,6609380,0.6314304812687836,WF; DALcm12 v p 13_left
17729161,8313802,0.6319740114464591,BLDc descending 4 left
5577650,13358515,0.6319834653101344,MIXED brancher left
16444548,7807684,0.6328665637371209,crab-1 left
5261424,4679139,0.6337409036751066,mPN iACT A2 left
2568465,10167078,0.6341920617563368,mPN iACT B1_left
8274021,11051276,0.634543654579505,picky 3 left
17728723,13084891,0.6347820520648729,lasso-top left
16547297,15589738,0.6354314902335079,BAmv12 splitter 1 left
12366224,19857577,0.6355339822813472,BLVa_t ascending lateral 1 left
12420898,5162462,0.6369983329608386,BAmv12 looper 2 left
12387154,8723267,0.6372237738503914,AF7: PDL_left_sibling 35
13852833,9457719,0.6373866069194949,CP23 d 5_left
12371688,9811608,0.6386555174768327,BLVa_t bilateral left
15722867,9609048,0.6387503351958679,KC82
12948470,7971031,0.639429783483326,PVL005 1 left
7865652,8248631,0.63953229678075,22c PN left
14617508,14680483,0.6405228497151942,GH_left
11027071,3010486,0.6411717535893364,AF0: neuron left
12866697,11465297,0.641614099879552,CC ; DPLm post 1_left
16098538,8670503,0.6431559336508299,DPLm2 gnarled left
4398543,17380092,0.643348793546189,DPLl a 2 left
11105182,10158972,0.6434174595781037,clamp left
6494382,2963280,0.6435836936450106,try5thLN_sibling 35 left
19929273,20479959,0.6439548720948771,BLP34 looper 1 left
11876076,15674282,0.6449393726342878,BAlp4 ascending 2 left
9201911,17591687,0.6475866319505933,3rd Thermo - to peduncle #2 left
2612527,4391978,0.6477286797489702,mPN iACT C2 left
12367568,12884490,0.6485668879540516,BLVa_t ascending 1 left
18106257,17031293,0.6496693768951824,Hydra_left
17484564,17335266,0.6506636059375492,DPMl_ant_dor tall left
17927604,11605567,0.6508262441930466,DS noci_sibling_left
17414715,8247641,0.6510689696766003,ChalOLP;left
15586949,3180681,0.6530764424220995,BLVp1 local a left
7388340,15606239,0.6535838363321727,BLAl_l-X left
10229852,16347283,0.6554109128067217,CM13 lat 14 left
17728605,16463097,0.6563962979303501,sneak left
11017761,16178283,0.6566672992337106,MBE26 left
7540581,5516552,0.6576110025744761,I ; Bala12 #9_left
10209260,17437719,0.6582304143360223,AE_left
8480221,4324898,0.6589475206885957,mPN seahorse left
5091874,9287906,0.6597031747490263,DPLm1(D CB)3_left
14891367,5771934,0.6606263616063497,BAmd1 d_left
17277623,10013517,0.6617689852393734,Axon upstairs left
9567051,9539868,0.6618971105336503,PVL09 left
8340950,8270683,0.6622653241497278,nc2;left
8047280,7587948,0.6638261387507709,down pOLP left
7198338,8245869,0.6644667947857812,24a PN left
7187384,3664102,0.664935197991708,Thermo KC B_left - mbi2 - unknown
10527147,7573476,0.6651130608867483,CP descending contralateral 3 left
17373283,10339991,0.6654998673774688,DPMpm1 3_left
12598741,15706875,0.6655739169061927,CP1 v 5; left
16427492,4180774,0.6663354642836982,HL; DALv23 L LAL_left
8399890,4651929,0.6667006733849044,94a & 94b PN left
4354933,14604028,0.6668750236116524,85c PN left
5684940,7982324,0.6669118141565428,CPf descending 2 left
9429085,17247877,0.6677288309728735,neu1_left
15608355,6252764,0.6694787600755383,BAlc post lat lat 6 AL left
14723506,17850822,0.669624532802962,BAlp4 ascending 4 left
14570370,13724377,0.6697967071109665,BAla34 bilateral 1 left
5938794,8310955,0.6701387174184783,DPLl i ( BLDa b 4 ) left
17468727,4127938,0.6706086149990629,BLP34 local left
18740553,3814635,0.6716677321517492,MN_AN iACT PN left
13966828,3707204,0.6720885226209086,Magic wand left (AF11)
11073313,16347476,0.6728008691679577,DPM splitter left
17105977,8970595,0.6735376575885206,BLVp1 local left
17352824,13137623,0.6755790239638915,DPlal Small 1 left
16547252,13003574,0.6756130629992818,BAmv12 spearhead left
17359111,16316973,0.6766990786095219,BAmas12_dor SEZ descending left
3539170,8159396,0.6768027230594855,BAla12 descending 1 left
17140424,9753530,0.6781274397596726,BH ; Descending 2; CP1 v 2_left
8111135,7555968,0.678208173926028,nc1;left
17732291,17659219,0.6782773697927338,DPMpl12 twig left
17067625,16340011,0.6785134865857954,DPMl anterior hook left
12789813,16405545,0.6787381513026576,Tomato Vine_left
17729335,8592501,0.6800548860212186,BLP12 hook 4 left
8262372,8068173,0.6800732914101987,LON KC left
15096548,13841523,0.6801247276059632,BLAv12_lat pointer 2 left
8078096,4514494,0.6802008440787238,BG ; Baso-anterior target neuron #2 MB PN_left
5874480,17058350,0.680294973178989,Bridge V_left
18267838,4173633,0.6805130911458737,DALv23 LAL 5 left
11725803,8066542,0.6808609316355264,KC42
5937084,8850802,0.6815371517200566,KC65;_42a left
17360034,17378455,0.6815680432605229,DPlal Small 2 left
17728632,17327188,0.6817440743347165,BAlc post ascending 1 left
8348277,18302665,0.6823718410481804,BLVa hook 2 left
11348509,3765735,0.682848826751177,BLAl horseshoe neuron left
5745110,4127926,0.6836651079336276,BLP34 bilateral 2 left
5760480,4127096,0.6838335509466201,BLP34 descending 5 left
16782830,9469519,0.6839447087324928,MBE11b left
6494274,13986583,0.6848230328577818,LH to pseudo bridges_left
17814107,10167116,0.684954376279545,BAla34 ventral cluster 4 left
14451162,17278502,0.6849787676654473,DPLl ipsilateral left
17108278,9051500,0.6851179719111353,BPL local 6 left
18088813,17660233,0.6858982543517306,CM4 small 1 left
4785242,2935198,0.6864714348884646,AF3 thermo 3rd left
16431065,17587710,0.6868028153041587,BAla34 large span neuron left
16931001,8709865,0.6871307542836282,BLAv12_ant descending 1 left
16636860,11623145,0.6873410067473895,DPLl a 1 left
18087179,17587452,0.6875208139103209,BAla34 ascending 2 left
11195708,13968203,0.6901208384771238,KS LN 4b left
17176866,17176882,0.6905567225681948,BAmas lineage Neuron left
14133114,17166682,0.6910713395398458,down_pvl09_left
9207332,8305958,0.6917374623608668,like thermo AP left
4664256,17326218,0.6918358917684148,PL: Pair 1_down pvl09_left
19017386,8127390,0.692104868745953,down_oct1_left
12366640,17897298,0.6925433470069376,BLV hook 1 left
11725127,4230061,0.6926811914019794,KC12
5678582,17658943,0.693066584246317,CPa 2 left
16089743,10340880,0.6930810714934685,P1: BLAd ant lat_left
14437742,3806652,0.6933504169129672,spruce left
8509534,16515871,0.6939728973742049,mPN cobra left
16851791,16340461,0.6940997453599191,DPMl12a_left
15586914,16176721,0.6947501284712133,BLVp1 hook 2 left
3946432,2935173,0.6947639800893262,WS: from olfactory to Hugin interneuron left
17732085,8698941,0.695142057259488,DPLal 3 1 neuron left
5080991,10959064,0.6951590389964826,BAla34 Ipsilateral Hook left
16039470,4241192,0.6995829770449487,KC14
17361757,12813847,0.7007491414615756,LH Processor_left
17776906,4101295,0.7008492561057222,AF8: PDL_left_sibling
16141217,13722516,0.701024490811235,BLAv12 2 left
15253921,4598109,0.7012048318036471,MBE34 left
9348984,2772093,0.7012919992822495,BLVa hook 1 left
8293958,3869488,0.7014110843627892,Suckerfish PN left
17729347,20479904,0.7028931936757099,BLP12 hook 2 left
10540188,8932110,0.7034726187789653,Cheech left
9409359,3913620,0.7042685031266184,T5; offPVL09_3_large_left
7851153,8245146,0.7061438841049578,82a PN left
15023806,9845997,0.706167863698868,UNK crinkled 2 left
17062823,16393165,0.7072819319075494,KS LN 4a left
14461238,18292832,0.707787555880768,US2: BLP12 b 4_left
14319185,8565131,0.7082502520313032,Nest_left
16950115,4849988,0.7090213947987432,DP: DALcm12 v p 24_left
8877971,3806573,0.7094868628614497,picky 2 left
4780707,15683275,0.7101621780624345,AF15: off suckerfish_left
17355745,16158918,0.710190445145331,BAla12 descending 3 left
12476851,16070049,0.7113562877846029,TR ; Down_pvl09_left
12299805,7422595,0.7115709894720474,DALl1 5 left
11691603,4444354,0.7118261310670196,KC17
16007457,8840343,0.7121928770875037,BLA pointer left
11229136,17529547,0.712375268262524,BAla12 descending 2 left
16547287,5167842,0.7129107829797985,BAmv12 looper 3 left
9795662,15250080,0.7135356703659608,BAmas12_ven descending 4 left
9800031,17980698,0.7138343390065347,ASB Pointer left
17729167,17324637,0.7145212298005164,BLDc gnarly left
15571194,3234817,0.714767782356382,MBE12 left
5778133,21590958,0.7164043087369865,BLP34 posterior ventral ipsilateral neuron left
14898816,4230739,0.7166872757403004,KC13
9408003,6061068,0.7167123307056955,AF1 left
14071613,4411542,0.7167737949310339,T1 ; DALcl12 d 4_left
4379603,8307514,0.7170580611602931,DPLl i 2(BLDa b 2 pep) left
8102935,7600311,0.7177473841599498,picky 1 left
15590793,17378548,0.7191959574182447,DL-LH_cand9 like left
13313410,16586265,0.7192035461657582,BAla34 ventral cluster 3 left
11009492,17304269,0.7193780288346503,DPMpl12 tall 1 left
10345590,15048530,0.7205995962390828,BLAl F neuron 1 left
17732737,2663649,0.7209925238933905,DPMl a 5 left
17732076,17378475,0.7219032672099439,DPlal Small 3 left
13833814,16316981,0.724477115767248,BAmas12_dor descending 2 left
11067379,4393049,0.7248402372102711,non-olfactory PN left
17420035,8705088,0.7253082273626111,PDL1_left
15741865,6290724,0.7260395334635575,C ; DALcl12 L d 2_left
9447255,16295025,0.7270415754378814,US1: Claw_left
9589146,7503199,0.7271440788636239,mPN iACT C1 left
18501001,1805669,0.72800456031926,BLP34 descending 3 left
12089601,11838242,0.728702043705118,BAlc_post I2 left
17105842,13849274,0.7290018129800856,BLAv12 hook 2 left
8884212,19143114,0.7295041846691857,Scimitar left
13395814,17756162,0.7298108884705015,DS_noci_sibling-like_left
8012953,8254894,0.7309623238064218,PN in Olfactory Bundle 2 left
11135340,11645541,0.7311225951101603,S: Peptidergic_sibling 35_left
5675990,15688523,0.7319427312319078,CPa Minnow left
18551732,8161148,0.7329195165196932,DALcm12 v ap 14_left
8276782,4119387,0.7333515043831258,mPN iACT A1 left
8037197,17822238,0.7364948563242341,AG:DL-LH_cand7_left; BLVa12 a 2
4665186,17671219,0.7371903494020083,PVM_42a_LH_left
3450442,4700078,0.7376843584279785,mPN iACT B2 left
16100461,8711574,0.7388961779171438,T2: BLAv1 3 _sibling_left
15766806,13863331,0.7394349473926145,Bridge I_left
11193510,3930411,0.7402202506048711,Ruler Like Neuron left
17086412,17362538,0.7402481924062463,BLVa_t ascending medial 1 left
16547292,15732497,0.7408923339790587,BAmv12_dor loop left
11333054,17884299,0.7412330781298588,Gustatory PN left
10427055,17437725,0.7413201537791045,Ouroboros left
2797480,13713529,0.7424753211148853,DPLc_post_med descending left
7983899,7616956,0.7436372167001173,MBE9a left
9481869,14762026,0.7438189576960723,DALl1 11 left
8347907,5503982,0.743924476298683,BLVa_t ascending medial 3 left
17356450,17355872,0.7453183615350387,BAla34 ventral cluster 2 left
4324567,15732509,0.74545544382338,Lure-1 left
5484314,12746220,0.7456439631971137,DPLl 2 left
5291791,8199671,0.745786945833349,picky 0 left
7916593,8256186,0.7460645944103174,30a PN left
16939375,8924186,0.7472459081207817,KC67
6729443,17937991,0.7482724271885586,BLVa_t ascending medial 2 left
4274518,19156025,0.7484821355860585,Brain looper left
16937815,13411525,0.7514514359461214,DPMm1 ipsilateral sheet left
16906721,5590611,0.7514610195179323,BAmas12_dor ascending 1 left
4637677,17913185,0.7518371317874533,PPLV-1 left
17513284,17361566,0.7518446555069271,BLAv12 1 left
15985265,17827115,0.7518644339180138,BLD interneuron left
16442113,3814175,0.7525917941925447,T Neuron_sibling left
16422727,20443571,0.7532136248973073,BLP34 descending 6 left
17743170,13858824,0.7534388675337187,KS PN left
9351843,17990556,0.7534624195209425,DPLam ASB Mackerel left
10555409,5247102,0.7538682297628798,picky 4 left
8423405,11137808,0.7540838954759573,UE: down pOLP&PVL09_left
16059078,4130960,0.7542600887209006,Local Crescent left
7057730,4017464,0.756308256913562,DALcm12 v ap 11 left
16545113,15732503,0.7570660926413266,BAmv1/2 2 left
7845346,8245513,0.7574762444063388,63a PN left
16444758,17762417,0.7579655770804186,MB2ON-205 like left
17165286,13046847,0.758844164137752,DPLm ant lat 1_left
9424902,3027876,0.759098471120043,Tomato Vine 2_left
12500843,13242336,0.760073300270392,BAla12 ascending 2 left
16095576,20370716,0.7605496993718999,DPL Lander-like left
17356454,2557644,0.7608491230923855,BAla34 ventral cluster 1 left
7941642,8198513,0.762759414640467,broad D2 left
7843730,8140109,0.7632868551926799,74a PN left
17176911,4575178,0.7634889579361814,CH ; BAmd1 lineage_left
7394271,8231264,0.7638056168140166,choosy 1 left
7056904,17176927,0.7644584276828639,KU: DALcm12 L m ant lat 6_left
5474852,17591442,0.765108389070227,RQ1: 3rd - thermo orders _left
8704079,16735586,0.7655182582774211,mPN iACT B3 left
16259595,8246081,0.7672633685484316,67b PN left
17223643,3251140,0.7675777226812798,BLVp1 hook left
16545101,4812481,0.767851479742772,double-hook BAmv1/2 left
10760217,2669331,0.7683634531258643,DPMpm1 horseshoe left
16434824,17355860,0.768593543662629,BAla34 ascending 3 left
3814701,9761454,0.7696218781039249,densecoreneuron_left
16742642,8546775,0.7699531063233872,DPLam hook left
16851718,9097065,0.7708271924954526,DPlal crinkled 2 left
1679034,14374534,0.7708371631117267,UNK brain ascending left
11007420,16884962,0.7712266589457266,DPMpl12 tall 2 left
10702736,14206030,0.772072695792049,AQ ;  DPMpm2_1_left
3060480,17380080,0.7729806140322197,DPLl Gnarly left
2439134,4099900,0.775825691534616,BLDa b 6_from Another temp PN (ds5th-2) left
17356442,16443509,0.777780727590919,valentine neuron left
17454636,15467736,0.7786305021567654,DALcm12 v ap 20_left
5767836,20443505,0.7788915431441358,BLP hook local left
8311264,8198238,0.7798505257433501,broad T2 left
9436520,20536322,0.7826838649441916,DPLc PDL_left
9940382,8124177,0.7847252594662111,pOLP;left
15588711,10945795,0.785145454780118,BLVp12 descending left
8398900,1869592,0.7854868754710871,FLON;left
12138418,8310087,0.7861541652593187,CD ; Key_left
18568094,17941609,0.7867092056792189,DALv1 small left
4401350,4598363,0.7868996325721678,MBE15a left
8700125,7897051,0.7870382216494178,GlulOLP;left
15063529,17326213,0.7878698867807088,BLVa ascending 1-like left
3814651,15732471,0.7880502799542259,Y neuron left
7515491,11279244,0.7905068686636582,49a PN left
8118947,14077615,0.7914147132179739,D ; Feedback neuron from nociceptive_left
7694589,8271034,0.7923274823617926,LONI;left
16547268,15732485,0.7945323358088896,BAmv12 looper 1 left
7939979,8198317,0.7979759233698371,broad T1 left
7873135,8245692,0.7980437475817735,42b PN left
7865696,8252067,0.7987471704011266,1a PN left
7865767,8243455,0.798949012050918,83a PN left
16547281,13722900,0.8003840431309162,Lure-2 left
8391330,5993765,0.802217424108471,DPMl a 2 DPPT neuron left
19395500,8559525,0.8026331012369947,Downstream Downstream A00c left
2988292,19046339,0.8031686245379668,Two-headed cobra left
12225666,4327684,0.8039152956297692,mPN iACT A3 left
16087799,2775707,0.804024683574311,LN4;left
13818467,17813001,0.8045537368070561,DPMl12 loopy left
12420377,13242252,0.8051112828218648,MIXED looper left
5395823,11524047,0.8055435984707675,MBE15b left
7939890,6557581,0.8062327709277745,broad T3 left
12293334,13405613,0.8068871188517039,inner bridge 1 left
6623089,17897230,0.8069535697465797,BLAv12 ipsi 2 left
12869029,13953356,0.8071104007646762,IL; DAMd23_left
11468088,4188325,0.8087968174253475,DALv23 LAL 7 left
7941652,8198416,0.8108285436704348,broad D1 left
13714311,8710444,0.8113930636600084,BLAv1_2_left
12367135,16666673,0.8117421119682091,BLVa_t hook 3 left
17244655,17360593,0.8152957234707763,AF3 left
9141404,16691937,0.81577495719066,A ; 4th order Thermo_left
17844900,18598859,0.8161878863292189,Giant-step left
14333371,2932028,0.8190043552286137,AF:uptoLN2 sibling 35_left
8273369,4247099,0.8210331895534229,choosy 2 left
7910624,7897469,0.8211734256581315,MBE2as left
8809171,18187865,0.8246680273751035,lasso-top 3 left
15398730,6703240,0.8285817913553156,MBE23 left
14082322,7840791,0.8295136566192678,MBE9b left
12498338,3913629,0.830886640084777,Projection from LH 1_left
3486381,8244723,0.8331977779128836,42a PN left
16541149,10079731,0.8350404198651178,BLAv12 ipsi 1 left
11286854,8942413,0.8364166230058017,BLVa34 hook left
4778745,4319395,0.8411287220638871,3rd Thermo - to peduncle #1 left
8021456,13589251,0.8411470942078407,33a PN left
16937395,9519425,0.8435496418950408,UNK brancher 1 left
5681132,7574701,0.8450243625573739,DE: CPe 1_left
15810983,6699205,0.8473850021608429,MBE30 left
7092086,4876704,0.8482512310384959,PN in Olfactory Bundle 1 left
12390459,19989037,0.8485999989554114,BAla12 big axon left
11003707,17525174,0.849355567839136,DL-LH_cand6_sibling left; BLVa12 a 7
12252572,16651566,0.8493742100683157,BLAv12 hook 1 left
18305433,17587730,0.8516183188161952,BAmv12 descending 1 left
10918898,4228105,0.8553150378861127,ML_left
12360656,17819985,0.8595308292403135,Gust PN to LH left
4279887,10293348,0.8649849543097627,Chong left
16545264,5164129,0.866874332907736,BAmv12 local neuron left
14541927,4235139,0.8681329551613336,AVM011f left
12452356,6250655,0.8708749785123726,BAlc post ascending 2 left
5453333,13803032,0.8732450378394345,Projection from LH 2_left
7852250,8247451,0.8737731517197534,45a PN left
17729410,9161929,0.8743155574515908,BLVa34 small ipsi 1 left
16089738,9641919,0.8777175700415729,S_left
16933362,4234016,0.8809613753913428,DPLal A_left
7025831,5782947,0.88191478262971,DALcm12 v ap 1 left
4493199,8244823,0.8921780476239205,13a PN left
19611917,8138616,0.8944646047328073,DN1-1 - PDL007 #2 left
16223537,8980589,0.928144928297965,MBE18 left
10766722,16450562,0.931467931794616,DPMpm2 small arc left
19166349,13167730,0.9359477566928618,BAla12 ascending 1 left
7864823,8245014,0.937940712756455,59a PN left
